{
  "num_targets_per_object": {"1": 1409, "2": 446},
  "scores": {"1": 0.06002058852065816, "2": 0.20403993759813951}
}