{
  "num_targets_per_object": {"1": 1409, "2": 446},
  "scores": {"1": 0.5579524384657107, "2": 0.9306939457184552}
}