{
  "num_targets_per_object": {"1": 1409, "2": 446},
  "scores": {"1": 0.6754618095294974, "2": 0.944151225676847}
}