{
  "num_targets_per_object": {"1": 1409, "2": 446},
  "scores": {"1": 0.5993349367107784, "2": 0.9313326991629761}
}