{
  "num_targets_per_object": {"1": 1409, "2": 446},
  "scores": {"1": 0.762181049547929, "2": 0.9568664971837597}
}