{
  "num_targets_per_object": {"1": 1409, "2": 446},
  "scores": {"1": 0.3985422102668592, "2": 0.8746168828852526}
}