{
  "num_targets_per_object": {"1": 1409, "2": 446},
  "scores": {"1": 0.6319058002152397, "2": 0.9306939457184552}
}