{
  "num_targets_per_object": {"1": 1409, "2": 446},
  "scores": {"1": 0.7491744688871844, "2": 0.9437290916274977}
}