{
  "num_targets_per_object": {"1": 1409, "2": 446},
  "scores": {"1": 0.430990743009505, "2": 0.5478584376042019}
}