{
  "num_targets_per_object": {"1": 1409, "2": 446},
  "scores": {"1": 0.5998581093075706, "2": 0.9213535550231223}
}