{
  "num_targets_per_object": {"1": 1409, "2": 446},
  "scores": {"1": 0.526797242133181, "2": 0.877859084662389}
}