{
  "num_targets_per_object": {"1": 1409, "2": 446},
  "scores": {"1": 0.5585419871070627, "2": 0.9101644118699411}
}