{
  "num_targets_per_object": {"1": 1409, "2": 446},
  "scores": {"1": 0.0922375035992592, "2": 0.03912453358479001}
}