{
  "bop24_average_time_per_image": 37.97517814000447,
  "bop24_mAP": 0.6962614190157015,
  "bop24_mAP_mspd": 0.6813295533904138,
  "bop24_mAP_mssd": 0.7111932846409892
}